0.	2.5887980307203655	6.233116858897148
0.01107807867313279	2.586057667273016	6.230916734108092
0.01123349702146816	2.5860120465109766	6.23093253718711
0.011393158140792671	2.5859730569459645	6.230938177294833
0.011557108113912282	2.585929605857753	6.2309469311887025
0.011725394109852271	2.58588664666056	6.230952741891685
0.011898279030481637	2.585839759822544	6.230960781824306
0.012076262718469512	2.585792494898248	6.2309665447285445
0.012258781716861369	2.585743384508173	6.230971868723847
0.012445888069296064	2.5856900690406146	6.2309794956491045
0.012637634679188138	2.585630418365784	6.230991888291546
0.012834075067474117	2.585569281814476	6.231003096860569
0.013035262959579404	2.5855158504004847	6.2310019362972415
0.013241253072156862	2.5854549568753353	6.231006569346516
0.013452101323572892	2.5853919519519115	6.231010432212701
0.013667864453627542	2.5853226264936446	6.231018477373624
0.013889318943481723	2.585254847548468	6.2310208405538265
0.014116216782304467	2.5851292063778235	6.231089087469893
0.01434826854792364	2.5851087606493373	6.2310266975269935
0.01458553506290104	2.585017892081053	6.231045181903078
0.014828082385011475	2.5849428885091785	6.231040406277142
0.015075975305111927	2.5848519398119385	6.231050562549239
0.015329281003585335	2.584753586062856	6.2310652074142325
0.015588066891689886	2.5846620568744916	6.231067033083885
0.015852401123364987	2.584575449195895	6.231058171061963
0.01612246171554364	2.584455157319504	6.231084945146115
0.016399457340587096	2.5843670545347446	6.231067257761464
0.01668229011187422	2.5842503744242755	6.231078690009353
0.016971039168473444	2.584123498066769	6.2310968975886585
0.017265783200427768	2.5840063960969464	6.23109760932455
0.017566602653801465	2.5838777093434597	6.23110637676609
0.017873580310086006	2.58374811215232	6.2311101228538215
0.018186800550279287	2.5836096084464364	6.231118275299646
0.01850634957018067	2.583469685584354	6.2311215841496015
0.018832315180404815	2.58332403358647	6.231125017737551
0.019165588642321273	2.583166985156549	6.231134738184585
0.019506339500525337	2.583015609128117	6.231129843805162
0.01985386847626796	2.5828427268462684	6.23114328297088
0.020208274595566955	2.582672215003669	6.231145988592086
0.020569657828541133	2.5824962032884153	6.2311471766304365
0.020938121366077554	2.582305721936207	6.2311573824108635
0.021313770057792957	2.582115757161935	6.231158229180148
0.02169671067576503	2.5819137451671645	6.23116456869949
0.022087052642550748	2.5817050265743147	6.231169639805413
0.022484906846434418	2.581493225946161	6.231168739217444
0.022892183155639123	2.581268319828647	6.231172430528858
0.023307475743666404	2.5810280129539103	6.231184095022884
0.02373073086264533	2.5807876923629554	6.231184901892475
0.02416207138136917	2.5805411116786776	6.231182004974012
0.024601623718819157	2.580279932001448	6.231185073924066
0.02504951679589902	2.5800109939370763	6.231185437855709
0.025505881355696675	2.5797340550592756	6.231182962197179
0.025970852468007018	2.579427611278419	6.231203178503521
0.026444566194716967	2.5791294379332084	6.231200005319629
0.02692791693119963	2.5788089681964634	6.231209293637173
0.02742195068570497	2.5784754202294042	6.2312186592406436
0.02792526882770306	2.5781326492657715	6.231224125312246
0.02843802060721272	2.5777869583814623	6.23121753779147
0.028960360016020828	2.5774109148905278	6.231231499432203
0.029492443294390994	2.5770364219468873	6.231226876191897
0.030034428821682786	2.5766371420194694	6.2312349141318535
0.0305864783157615	2.576233564617501	6.231230226847963
0.031148755661974514	2.5758106888253653	6.231230318593223
0.03172142864482627	2.5753731246632166	6.231228958446161
0.03230675596457258	2.574907611769003	6.231239521524022
0.032903687777674516	2.574426981855651	6.231246860778762
0.033511683055927305	2.573891347310452	6.23129919643072
0.03413092063082727	2.573421799932795	6.231249182050424
0.034761583062046394	2.572890778306578	6.231250433441121
0.035403866074558706	2.5723427831597103	6.231248261536016
0.03605796448486628	2.571766243508833	6.231255833102269
0.03672407542550871	2.571179308667568	6.231250284353069
0.03740239981674954	2.570558997722601	6.2312585517895345
0.03809364692940712	2.569922697330421	6.231258059154152
0.03880044126546291	2.5692617066110226	6.231255571502308
0.03952023646748884	2.5685696267762257	6.231260885984087
0.040253253301920595	2.567856641372332	6.231260594096606
0.040999715780688444	2.567114311796809	6.231263837606879
0.041759852533344494	2.5663435158282106	6.231268421548506
0.04253389378685147	2.5655566788374	6.231258086805427
0.0433220762960647	2.564721689390424	6.2312706175122825
0.04412464120175108	2.56386582044273	6.231271642613917
0.044941830681008946	2.5629787302550686	6.231272428931828
0.04577616014179168	2.5620659003158894	6.231261896913188
0.046627505700522494	2.5611131256131	6.23125628318764
0.047494429136398834	2.5601083058859597	6.231271134427336
0.048377198756824794	2.559076340775061	6.2312746560349375
0.04927608439293467	2.5580069822250673	6.231277761910227
0.05019136066250329	2.5569061892882625	6.231271583995343
0.05112330781847932	2.5557592939265033	6.2312723314621605
0.05207221253736366	2.5545684178688446	6.231275711413756
0.05303836545520924	2.5533327938155077	6.231280893201594
0.054022060695737194	2.5520571536044003	6.231280274160376
0.055028319947021724	2.5507230473435727	6.231286806130152
0.056053049221670044	2.5493501011098822	6.231281445273646
0.05709646722736709	2.547923509696386	6.231280379541058
0.05815889764775709	2.5464430711925155	6.231281744082626
0.059240667983362534	2.544912975738171	6.2312782258514225
0.060342111212139414	2.543325195623363	6.231277391964114
0.061463568298888605	2.5416726093748534	6.2312856468869136
0.06260538365600662	2.539968476575802	6.2312843398457405
0.06376790474692545	2.5382073489471737	6.231277658672509
0.06495370919077213	2.5363719011633123	6.231280058169328
0.06616454590431267	2.53447105281205	6.231275025344781
0.067397445563178	2.5324898412792805	6.23128449347527
0.06865278973973779	2.5304545277299937	6.231273304020191
0.06993096500946053	2.5283396356399352	6.231269852457171
0.07123237082276794	2.52614034973842	6.231277058220691
0.07255740997701117	2.5238694448173633	6.231276048462782
0.07390649007258754	2.5215163596718786	6.231276624119504
0.07528002569476651	2.5190857182560684	6.231269746903043
0.07667843891189122	2.5165654449346726	6.231266921399231
0.07810760711214848	2.5139468917628687	6.2312628587939445
0.07956409923065814	2.5112262001905954	6.231267116227927
0.08104710413761962	2.5083982521452635	6.231285147862056
0.08255707770402121	2.5055018173174215	6.231264878492528
0.08409448293333913	2.502493572133168	6.23125608414131
0.08565980061286296	2.49937781863995	6.231249300688495
0.08725352012259045	2.4961421692802577	6.231255738764105
0.08887613275993417	2.492812217380916	6.231239086380828
0.09052814118768195	2.4893460765971094	6.231247175030539
0.09221179799867013	2.4857667751684995	6.231241948515344
0.0939322006819471	2.482068716829094	6.231212838744877
0.09568391433809226	2.478202749445005	6.2312324532139085
0.0974674959252009	2.4742164201811883	6.231236066794068
0.09928349514203359	2.4701008640900595	6.231229569722419
0.1011324784511902	2.4658367068388625	6.23123204187252
0.10301502047296852	2.4614391837222755	6.231218763730466
0.10493170656214869	2.456882357045903	6.231216922962768
0.10688313614918311	2.4521733531586407	6.2312117760303165
0.1088699152924898	2.4473057531401134	6.231205586279798
0.11089857095051615	2.442252688649516	6.231207685331892
0.11296753672571173	2.4370326002723437	6.231194673175784
0.11507414277536746	2.4316316126450435	6.231188339440462
0.11721905418393716	2.426046932410017	6.231185781670433
0.11940294343513999	2.4202810308816773	6.231177175525656
0.12162649507145892	2.4143207911678926	6.231172599196823
0.12389040641194272	2.4081675834242686	6.231163372836204
0.12619538770602032	2.4018084863656743	6.231159153319689
0.12854215953198286	2.3952508192174653	6.231143264931909
0.13093198826185662	2.3884678941381727	6.231141126197312
0.13337548838628996	2.381446787336025	6.231124821057489
0.1358634690608061	2.3741886408726454	6.231121936926236
0.1383967200831174	2.3667009908991443	6.231114909709575
0.1409760393438704	2.3589763246024256	6.231105750243426
0.14360224125501922	2.351006794714182	6.231096866153248
0.1462761557974638	2.342787357980509	6.231086906632225
0.14899862268076752	2.3343210695210885	6.231063639765536
0.1517705084491176	2.3255737703066295	6.231064462472046
0.15459269502815134	2.316569358911091	6.231049234241979
0.1574718326296136	2.3072706770856053	6.231034293159416
0.1604100849377553	2.2976586923000175	6.231030616940204
0.16340184116026776	2.287764961636298	6.231015571743275
0.16644805117505432	2.2775709633490204	6.231005872743817
0.1695496698706912	2.2671024695882487	6.230957713910777
0.17270769789763768	2.256281311078875	6.230970046998817
0.17592316207465	2.2451642651016597	6.230956590188774
0.17919707681207772	2.2337284522102143	6.230940560129556
0.1825304901020787	2.2219665656724814	6.230923940571705
0.18592447393920325	2.209870542988967	6.230909981795285
0.1893925961995035	2.197395531417698	6.23089033150676
0.1929256647806444	2.184570314391664	6.230867944257587
0.1965231015017949	2.1713934798271266	6.230846003847258
0.20018606456816537	2.1578608599891513	6.230823173358126
0.20391573747479802	2.1439644361753416	6.230804000736581
0.20771332488041003	2.1297062454194453	6.230778802775678
0.21158005584360262	2.1150758414018105	6.2307564130021
0.21551719840260525	2.1000607922577545	6.2307492903152895
0.21952603079514255	2.0846837094774138	6.230718367951147
0.22361242713496138	2.068901369007533	6.23069634008627
0.22778452932265764	2.0526992065076715	6.23066010703626
0.23203274073211072	2.0360914597903497	6.230648249482669
0.23635843159229422	2.019121708436692	6.230590840390454
0.2407630005597213	2.001742792918278	6.230557483403399
0.24524791167595889	1.9839666168500756	6.230528246756153
0.24981463708693927	1.9658006542557418	6.230490332323066
0.2544646845783911	1.9472337178872694	6.230461181185404
0.25919960491530936	1.928269405024004	6.230435945776614
0.26402097390030854	1.9089137631252744	6.230406567565453
0.2689424137108765	1.8891230284845335	6.230367917385004
0.27395879342473967	1.8689340337880374	6.230307283708971
0.27906679140359003	1.8483506294922027	6.230256507666024
0.28426810874157354	1.8273835354699797	6.230204276914572
0.2895644840826369	1.8060310193735314	6.230161501296925
0.2949576824888105	1.784313681972827	6.230101942700871
0.3004495133381336	1.762219674436587	6.2300567776838776
0.3060418493255199	1.739760101234247	6.2300190824458515
0.3117365983686703	1.7169441094346967	6.22998659087917
0.3175378170824603	1.6937739281532247	6.229955655206378
0.32346090669420596	1.6702387904716558	6.229864235229759
0.32949233446482035	1.6463771179940876	6.229774034709567
0.33563413787238583	1.6221992080985166	6.229687039476037
0.3418884164070195	1.5977104727354834	6.229616520706865
0.34825730573768676	1.5729374892424717	6.229536329896696
0.35474295648060833	1.547897849244858	6.229438374420171
0.36134764272792746	1.5225673648136733	6.229401140519349
0.36807370460989497	1.4969956575977212	6.229356566375274
0.37492346164710105	1.4711996379915504	6.229302774469714
0.3819084888842027	1.4451680944552192	6.229226187564672
0.38902979168318913	1.4189483888973875	6.229073584209497
0.39628164886116596	1.3925457894391704	6.228938494282619
0.4036665811270387	1.3659876542315346	6.228803489181743
0.4111871617128097	1.3392887800110524	6.228680388213129
0.4188460614723592	1.3124620555962514	6.228587845064995
0.42664596380084435	1.2855542480389026	6.228465254297754
0.4345896350319336	1.2585547226302476	6.228389989735927
0.4426799665581685	1.2314991098978194	6.228330249903742
0.4509198872662163	1.2044066059716543	6.228294786198784
0.45932665139694784	1.1773321914804498	6.228076262821103
0.46788865465274715	1.1502788478427124	6.227844075891797
0.4766080838142763	1.1232619226061509	6.227625554501243
0.48548805193326894	1.096304726498109	6.227420697047348
0.49453175255548	1.0694287315412017	6.227234824020854
0.5037424654212692	1.04265639880601	6.2270706029698015
0.5131235541829776	1.016010142299894	6.226930649160591
0.5226784711569228	0.9895115328861522	6.226819791539102
0.5324107817254452	0.963178041745713	6.226755671941591
0.5423282258427112	0.9370700842054331	6.226576585479435
0.5524364942845483	0.9112216863133871	6.226210155690858
0.5627309745761042	0.8856113086940862	6.225863328594791
0.5732154193296939	0.8602597371137244	6.2255355005215485
0.583893713404583	0.835179236599253	6.225255307585666
0.594769760482215	0.8104080304644118	6.224952429552514
0.6058475708695767	0.7859425007221599	6.2247103459773045
0.6171313468601045	0.7618079258641982	6.2245018015427815
0.6286253478168286	0.7380193411292845	6.224335465654261
0.6403339425207789	0.7145929476641711	6.224212055151959
0.6522657133609981	0.6916119370701672	6.22378568953075
0.6644194206258318	0.6690604022781018	6.223206712905063
0.6767977336227113	0.6469078679695964	6.222679154316203
0.6894053404658519	0.6251697996661273	6.222187065751278
0.7022469954114996	0.6038573734373698	6.2217288603986445
0.7153275581261576	0.5829797686278919	6.22130768139306
0.728652010723102	0.5625446476783285	6.220929585723977
0.7422254605745325	0.54255916376652	6.220598277818596
0.7560530780653236	0.5230340708230727	6.220290186816546
0.7701398733253926	0.5039815552072138	6.219963642077011
0.7844883606560397	0.48548524221403494	6.219116959084768
0.7991024412999345	0.46745596508002474	6.218301106330748
0.8139875667237781	0.44990137631066557	6.217477827845611
0.829149513241065	0.432804081042995	6.216775914625471
0.844594202954582	0.4161823074437077	6.216072093252872
0.8603274411623278	0.4000310060822898	6.215396531850446
0.876355354662353	0.38434238516113184	6.214799795790066
0.8926842075643138	0.3691204072837844	6.214235013558849
0.9093202986297595	0.35436036342044724	6.213716368765395
0.9262630276141958	0.3401160182073531	6.2127629372520765
0.9435170603597983	0.3263609192927643	6.211513715994943
0.9610915003797871	0.3130491704875468	6.210299574871934
0.9789931296483282	0.30017505599278826	6.20911954532712
0.9972288794779107	0.2877318543803602	6.207977654826391
1.0158058209546217	0.2757132337027835	6.206868800651121
1.0347311734694267	0.26411131985176317	6.205799879718188
1.0540123232205136	0.2529184967756428	6.2047709534435205
1.0736567923690001	0.2421270777307334	6.203778358150606
1.0936718730141919	0.23172989998196017	6.202808646669226
1.1140437415147555	0.22179386274857166	6.20092796997808
1.1347940392378082	0.21222697697603762	6.19908702147178
1.155930784711638	0.20302339932730593	6.197238026021725
1.1774621478640153	0.1941708495433851	6.195425018583063
1.1993965738943024	0.18566105042548597	6.193632024568484
1.2217426175409425	0.17748473710900134	6.191856075944189
1.2445089899666189	0.169632593111468	6.190093917282948
1.2677045691216309	0.1620951194978338	6.188344989176607
1.2913383899815318	0.15486313235586038	6.18660266581618
1.3154059867482797	0.1479524300752703	6.1844079638335785
1.3399074687422383	0.1413581661053715	6.181611169328927
1.3648651173432311	0.13503659068825744	6.178809014179875
1.3902886697727521	0.12897868279981037	6.175996776336922
1.41618804781785	0.12317549732936614	6.173170530070219
1.4425733467021515	0.1176183812666183	6.170322055333215
1.4694548330766952	0.1122986701887186	6.167446517948066
1.4968429579731297	0.10720788683545973	6.164537978113889
1.5247483482237918	0.10233775745560408	6.16158896251413
1.5531818021842392	0.09768016148431143	6.158592008289882
1.582119477441407	0.09326034581001393	6.154596310362425
1.6115907772268483	0.08903985457384674	6.1503729154746285
1.641611796674303	0.08500484611542117	6.1460879502232295
1.6721942584923568	0.0811480422482225	6.141734500866539
1.7033500297680793	0.0774627798792692	6.137289206496309
1.7350911726564824	0.07394187102099889	6.132755741415931
1.767429993288236	0.0705788289344348	6.128118327393747
1.800378982637369	0.06736716537723916	6.1233688849129955
1.8339508234231774	0.06430075110579486	6.118491853568747
1.8681458056286528	0.061380410801208485	6.113180615849823
1.9029497676446014	0.05861124377814526	6.106889268508119
1.9384021281318835	0.05596713153472715	6.100452608507177
1.9745166598533677	0.05344280093409098	6.093855328306856
2.0113073523427976	0.051033142977488566	6.087082854286662
2.0487882876900123	0.04873359098753567	6.080097783695159
2.0869740348990473	0.046538322837874395	6.072951799617557
2.1258793984065014	0.04444387852245878	6.065559583198303
2.1655191067356263	0.04244548064560383	6.057928295770666
2.2059082651255166	0.04053891193640507	6.050039918805187
2.2470257213594804	0.038731168490378755	6.041124623350291
2.288895303124088	0.03701111158926696	6.031573014001757
2.3315457470847725	0.035369456423955385	6.021731783593151
2.3749935063727743	0.03380270740918038	6.0115803451999845
2.419255285052568	0.03230752813891923	6.001095978622537
2.4643480403764757	0.030880700427017627	5.990256977277607
2.510288992695177	0.029519146187382658	5.979040328212216
2.5570956049135263	0.02821993790381446	5.9674199439517395
2.604785597740573	0.026980229199149934	5.955373283241344
2.653371943503243	0.02579825483103636	5.94277922755946
2.702824358323475	0.024679515702304606	5.928739815467669
2.753197587215018	0.023611374836415816	5.914223125254693
2.804510969519944	0.022591540480636142	5.899198882960897
2.8567841375257226	0.021617814467479547	5.883636624066743
2.9100370258354284	0.020688095415834343	5.867504794748758
2.964289858111927	0.019800386466237288	5.8507689621734285
3.0195631551840374	0.018952761425595932	5.833396010409736
3.075877752722673	0.01814338621374698	5.815350602360807
3.1332547926817087	0.017370509735673997	5.796595827165832
3.1916870442482654	0.016635693661110347	5.7765895091616155
3.2511870023510734	0.015936763890645807	5.755320798691167
3.3117957203701205	0.015268847598295873	5.733254319258246
3.3735362898870327	0.014630534037737888	5.710345318991509
3.436432155719778	0.01402047549908626	5.6865473502497474
3.5005071160990417	0.013437387933946084	5.661811440611018
3.5657853276316853	0.012880042455200906	5.636087109310603
3.6322913136267845	0.012347267438200287	5.609321269747042
3.7000499678108842	0.01183794353083975	5.5814585839824105
3.7690865527027975	0.011351005603888463	5.55244025526719
3.839377515800811	0.010889028665924809	5.521372902270452
3.910974023728025	0.010447351109574335	5.488981075342358
3.9839058864446892	0.010024720616097865	5.45527462119661
4.058200725772016	0.009620296554454316	5.420175936704432
4.1338865931675155	0.009233245319972038	5.383612091933235
4.210992022778414	0.008862791809962205	5.345499959709774
4.289769735881967	0.008480402657570392	5.314255812224708
4.367437200080708	0.008074104135811012	5.300447893982315
4.447296157929635	0.007695998014633207	5.281953999621041
4.528652935752361	0.007334753721918523	5.263331590622619
4.611535303303811	0.006989671387841588	5.244583980282986
4.695971550644702	0.006660077042892389	5.225714456803304
4.781990497796885	0.006345321846870064	5.206726282956482
4.869621504580413	0.006044781329563583	5.187622695764913
4.9588944806359265	0.005757854643691453	5.168406906189445
5.049839895635688	0.005483963830610349	5.149082098829573
5.142488789686947	0.005222553099241374	5.129651431634807
5.23687278393116	0.004973088118605865	5.110118035627273
5.333024091342821	0.004735055324308209	5.090485014635454
5.430975527731675	0.0045079612392518375	5.070755445039095
5.530760522952107	0.004291331808826365	5.050932375525212
5.632413132323685	0.004084711750757895	5.031018826855198
5.735968048266757	0.0038876639197720723	5.011017791642979
5.841460612157332	0.003699768687178708	4.990932234144133
5.948926826405178	0.0035206233354497557	4.970765090056006
6.058403366759601	0.0033498414678266673	4.95051926632868
6.16992759484702	0.0031870524329608825	4.930197640986772
6.28353757094489	0.003031900764560374	4.909803062962008
6.399272066996373	0.002884045635987199	4.889338351936445
6.517170579870378	0.0027431603297247815	4.8688062981963025
6.637273344871597	0.0026089317216097087	4.848209662496319
6.759621349505399	0.002481059779700613	4.827551175934477
6.884256347505874	0.0023592570774947164	4.806833539981956
7.011220873118199	0.002243248322176861	4.786059425807913
7.14055825565647	0.002132769895595242	4.76523147502787
7.272312634345055	0.002027569410591548	4.744352299064987
7.406528973428547	0.0019274052803598663	4.723424479211913
7.543253077570922	0.0018320463014549595	4.702450566565664
7.6825316075455055	0.0017412712500758135	4.681433081972156
7.824412096221585	0.0016548684913811414	4.66037451598014
7.96894296485315	0.001572635601585601	4.639277328804492
8.11617353967572	0.0014943790025784118	4.618143950298629
8.266154068817155	0.0014199136088002262	4.59697677993597
8.418935739528512	0.0013490624861093195	4.57577818680024
8.574570695741132	0.0012816565223642688	4.554550509584482
8.733112055956308	0.0012175341094472995	4.533296056598608
8.894613931473973	0.0011565408364504007	4.512017105785314
9.059131444966914	0.0010985291937449313	4.4907159047442375
9.22672074940743	0.0010433582876547371	4.469394670764102
9.397439047353059	0.0009908935654529885	4.448055590862768
9.571344610598564	0.0009410065504034309	4.426700821834955
9.748496800201332	0.0008935745865680529	4.40533249030747
9.928956086887329	0.0008484805931049316	4.38395269280178
10.112784071845311	0.00080561282778213	4.362563495803737
10.300043507916756	0.0007648646594362725	4.341166935840266
10.490798321189452	0.000726134349107387	4.319765019562825
10.6851136330025	0.0006893248395850571	4.298359723837519
10.88305578237116	0.0006543435531045632	4.276952995841566
11.084692348839617	0.0006211021969357627	4.255546753166037
11.29009217577027	0.000589516576611655	4.234142883924623
11.499325394078253	0.0005595064165480513	4.212743246868284
11.712463446420035	0.0005309951878104585	4.191349671505538
11.929579111845207	0.0005039099427890674	4.169963958228258
12.150746530920799	0.0004781811565477398	4.148587878442762
12.376041231337414	0.00045374257461797785	4.127223174706026
12.605540154007247	0.0004305310670139878	4.105871560866813
12.83932167966362	0.0004084864882502837	4.084534722211559
13.07746565597235	0.00038755154314853654	4.06321431561481
13.320053425165359	0.00036767165822575046	4.04191196969405
13.567167852207099	0.00034879485846122694	4.0206292849687175
13.818893353504825	0.00033087164924515704	3.9993678340232295
14.075315926173674	0.00031385490331707844	3.9781291616738708
14.336523177868239	0.00029769975250778	3.9569147851393116
14.602604357192037	0.0002823634841035981	3.9357261942146304
14.873650384697195	0.00026780544165731817	3.9145648514486298
15.149753884493473	0.0002539869300612372	3.893432192431297
15.431009216451608	0.00024087112480051905	3.8723296255563406
15.717512509045779	0.00022842298501841608	3.8512585328287527
16.009361692855	0.00021660917051519928	3.8302202696456575
16.30665653469555	0.00020539796232342696	3.8092161650881597
16.60949867242971	0.00019475918679691805	3.788247522114912
16.917991650456536	0.00018466414305926988	3.767315617757877
17.232240955900505	0.00017508553367613536	3.746421703320005
17.55235405551186	0.00016599739842017787	3.725567004574764
17.878440433294898	0.00015737505100207308	3.704752721967313
18.210611628879377	0.000149195018645408	3.6839800308171866
18.54898127665175	0.00014143498438760213	3.6632500815223255
18.893665145662297	0.0001340737319932338	3.6425639997643224
19.244781180325926	0.000127091093370225	3.6219228867146973
19.60244954193333	0.00012046789838338671	3.601327819242124
19.966792650991582	0.00011418592696367999	3.580779850120369
20.337935230411514	0.00010822786341538844	3.5602800082369113
20.716004349562187	0.00010257725282703678	3.5398292988019966
21.10112946921083	0.00009721845949551544	3.5194287035580776
21.49344248736961	0.00009213662727630418	3.4990791809894306
21.893077786068655	0.00008731764177609928	3.4787816665318934
22.300172279078183	0.00008274809430737375	3.4585370727825007
22.714865460600112	0.00007841524752760846	3.4383462897089907
23.13729945495346	0.00007430700268895474	3.418210184858941
23.567619067275015	0.0000704118684270931	3.3981296035685338
24.005971835261256	0.00006671893102088282	3.378105369170701
24.452508081974408	0.00006321782605720356	3.3581382832026394
24.907380969739904	0.00005989871143803609	3.338229125612474
25.370746555159858	0.00005675224166944318	3.318378654965047
25.842763845271403	0.000053769543374579584	3.2985876086466344
26.323594854876497	0.000050942191975291174	3.278856703068525
26.813404665073296	0.0000482621894891639	3.2591866338693194
27.31236148301787	0.00004572194339113637	3.239578076115865
27.820636702948395	0.00004331424649092928	3.2200316845026777
28.338404968502342	0.000041032257779635314	3.2005480935497808
28.865844236361177	0.00003886948420079427	3.181127917798809
29.40313584125503	0.00003681976330321694	3.1617717520073163
29.950464562364335	0.000034877246734652625	3.142480171341133
30.50801869115329	0.000033036384537188624	3.1232537315647164
31.075990100674595	0.00003129191020696406	3.1040929692293244
31.654574316383147	0.000029638826482433378	3.0849984018589907
32.24397058850008	0.000028072391826983892	3.065970528134121
32.84438196598511	0.000026588107571777824	3.0470098281557614
33.4560153720991	0.000025181705696268533	3.028116763297458
34.07908168167355	0.000023849137194926	3.009291776863285
34.713795800145014	0.000022586561030442142	2.99053529394467
35.360376744317676	0.000021390333624688694	2.971847721668609
36.019047724967926	0.00002025699887002732	2.9532294493650424
36.690036231329806	0.00001918327863473803	2.9346808487311304
37.37357411751373	0.000018166063738894715	2.916202273992383
38.06989769091748	0.000017202405378090022	2.8977940620604974
38.77924780268608	0.000016289506973455695	2.8794565326878314
39.501869940284756	0.000015424716427408423	2.8611899886183725
40.23801432224583	0.000014605518765508335	2.842994715735144
40.98793599515917	0.000013829529145718193	2.824870983203885
41.75189493297273	0.000013094486217227339	2.8068190436129585
42.530156138678336	0.000012398245811829505	2.7888391331092985
43.322989748454816	0.000011738774951644834	2.770931471530384
44.130671138350685	0.000011114146157730032	2.7530962625320217
44.95348103358474	0.000010522532044853585	2.735333693711917
45.79170562055366	9.962200188401336e-6	2.7176439367288334
46.64563666163292	9.431508250046387e-6	2.70002714741729
47.515571612867234	8.92889934944649e-6	2.682483465897614
48.40181374464545	8.452897669841478e-6	2.6650130166812835
49.304672265464795	8.002104285997553e-6	2.64761590877136
50.224462448888445	7.5751932035005075e-6	2.630292235757959
51.161505763810986	7.170907598923693e-6	2.6130420759085426
52.11613000814612	6.7880562509020475e-6	2.595865492252965
53.08866944606188	6.425510152620691e-6	2.578762532663059
54.07946494888888	6.082199296686749e-6	2.561733229926681
55.08886413983936	5.75710962378728e-6	2.544777601816004
56.11722154267527	5.44928012695487e-6	2.5278956511499326
57.16489873447642	5.157800103657459e-6	2.511087365850447
58.23226450266077	4.881806548309588e-6	2.49435271899276
59.31969500642487	4.620481678160945e-6	2.477691668849004
60.42757394277033	4.373050585864673e-6	2.461104158925395
61.556292717302256	4.138779012353097e-6	2.4445901179925564
62.7062506199845	3.916971233963326e-6	2.4281494601088953
63.87785500605541	3.7069680580508175e-6	2.411782084636738
65.07152148230925	3.5081449216143747e-6	2.3954878762511056
66.2876740989697	3.3199100877242488e-6	2.37926670494078
67.52674554738263	3.141702934804098e-6	2.363118426001532
68.78917736377882	2.972992334060701e-6	2.3470428800211662
70.07542013939381	2.8132751104351695e-6	2.3310398929205083
71.38593373709108	2.6620745837527727e-6	2.315109275668667
72.72118751492444	2.5189391837195914e-6	2.29925082461477
74.08166055697372	2.3834411380041956e-6	2.2834643211931644
75.46784191158238	2.2551752274582754e-6	2.2677495319237497
76.88023083748179	2.1337576059289568e-6	2.2521062083421564
78.31933705812033	2.0188246812202253e-6	2.236534086919656
79.78568102458311	1.910032054077032e-6	2.2210328889723647
81.27979418749773	1.8070535122234737e-6	2.2056023205594038
82.80221927835204	1.7095800766350465e-6	2.1902420723695686
84.35351060067673	1.617319097366741e-6	2.1749518195960507
85.9342343315623	1.5299933963943238e-6	2.159731221798798
87.54496883402358	1.4473404550534768e-6	2.144579922753934
89.18630498073915	1.3691116437844109e-6	2.129497550289811
90.85884648974123	1.295071492004653e-6	2.114483716109046
92.56321027265261	1.2249969960436548e-6	2.099538015596043
94.30002679611847	1.1586769631769962e-6	2.0846600276092833
96.06994045710694	1.095911389898138e-6	2.069849314257811
97.87360997280932	1.036510872659732e-6	2.055105420661138
99.71170878590479	9.802960494069222e-7	2.040427874691866
